essay_id	essay_set	prediction
1	1	9
4	1	11
9	1	9
31	1	10
38	1	8
40	1	6
41	1	3
48	1	10
49	1	9
54	1	10
59	1	9
61	1	8
66	1	8
76	1	9
81	1	8
83	1	7
92	1	10
99	1	8
102	1	8
103	1	9
108	1	9
109	1	8
112	1	9
116	1	4
120	1	8
121	1	8
127	1	9
134	1	8
141	1	10
159	1	11
162	1	10
168	1	10
170	1	8
178	1	8
182	1	8
187	1	3
191	1	7
195	1	6
202	1	9
203	1	9
209	1	6
224	1	8
232	1	10
242	1	10
249	1	8
256	1	7
259	1	9
265	1	10
268	1	7
269	1	9
271	1	8
276	1	7
282	1	8
283	1	6
284	1	8
286	1	3
293	1	7
298	1	8
302	1	10
303	1	10
304	1	10
305	1	10
306	1	9
310	1	9
332	1	7
333	1	9
338	1	6
343	1	9
351	1	9
354	1	8
364	1	10
369	1	7
371	1	8
375	1	5
378	1	9
385	1	11
388	1	8
392	1	8
399	1	9
403	1	9
406	1	9
409	1	8
421	1	6
424	1	10
427	1	10
431	1	11
435	1	9
437	1	9
438	1	8
445	1	7
450	1	7
456	1	8
465	1	9
481	1	11
483	1	8
513	1	9
515	1	7
528	1	7
531	1	9
532	1	9
534	1	11
537	1	8
539	1	8
540	1	8
549	1	9
550	1	10
556	1	10
559	1	10
561	1	8
566	1	8
578	1	7
580	1	10
582	1	9
590	1	6
592	1	8
596	1	6
599	1	9
601	1	7
602	1	7
605	1	6
617	1	8
622	1	8
631	1	6
634	1	5
637	1	9
639	1	6
641	1	7
646	1	8
647	1	8
650	1	9
656	1	9
657	1	8
662	1	6
663	1	9
664	1	8
667	1	8
675	1	8
700	1	7
701	1	8
704	1	7
705	1	9
711	1	9
714	1	8
722	1	10
727	1	5
729	1	7
732	1	8
739	1	9
748	1	9
762	1	10
764	1	9
771	1	9
775	1	7
780	1	8
789	1	7
804	1	6
805	1	9
807	1	10
810	1	9
813	1	8
816	1	9
822	1	7
824	1	10
826	1	9
836	1	8
854	1	9
855	1	8
860	1	8
863	1	11
877	1	9
893	1	6
897	1	10
898	1	9
901	1	8
907	1	8
919	1	9
923	1	6
927	1	7
939	1	6
944	1	8
946	1	10
958	1	7
960	1	7
962	1	9
973	1	6
975	1	7
982	1	8
988	1	9
997	1	10
1013	1	8
1016	1	7
1017	1	8
1018	1	10
1031	1	9
1033	1	10
1038	1	10
1039	1	8
1041	1	8
1051	1	8
1060	1	7
1063	1	9
1073	1	8
1081	1	6
1082	1	8
1083	1	7
1085	1	9
1087	1	10
1090	1	6
1092	1	9
1095	1	7
1106	1	10
1126	1	8
1142	1	8
1147	1	9
1149	1	10
1152	1	8
1153	1	10
1161	1	8
1163	1	10
1166	1	9
1175	1	10
1180	1	9
1210	1	9
1219	1	8
1229	1	9
1230	1	9
1236	1	8
1247	1	7
1254	1	8
1255	1	10
1257	1	9
1262	1	9
1269	1	10
1271	1	9
1272	1	9
1276	1	8
1278	1	7
1287	1	9
1288	1	10
1291	1	8
1292	1	8
1295	1	3
1298	1	7
1306	1	9
1314	1	10
1318	1	8
1319	1	8
1322	1	8
1323	1	7
1327	1	10
1328	1	9
1340	1	9
1346	1	8
1349	1	10
1357	1	9
1362	1	10
1366	1	8
1375	1	9
1378	1	9
1384	1	9
1390	1	8
1391	1	9
1392	1	8
1397	1	6
1403	1	8
1407	1	8
1414	1	7
1417	1	10
1424	1	10
1427	1	10
1428	1	6
1449	1	8
1450	1	10
1452	1	10
1454	1	10
1458	1	8
1459	1	8
1461	1	6
1462	1	6
1463	1	6
1464	1	11
1468	1	9
1472	1	7
1474	1	4
1476	1	8
1481	1	7
1482	1	7
1484	1	9
1487	1	8
1494	1	9
1496	1	6
1498	1	9
1504	1	8
1506	1	7
1508	1	6
1509	1	9
1513	1	5
1514	1	8
1516	1	8
1520	1	9
1522	1	10
1524	1	7
1529	1	8
1538	1	8
1545	1	7
1550	1	8
1553	1	9
1554	1	8
1558	1	9
1560	1	9
1570	1	9
1582	1	10
1593	1	9
1594	1	8
1596	1	8
1599	1	8
1602	1	9
1616	1	9
1621	1	9
1628	1	9
1630	1	10
1631	1	8
1633	1	7
1634	1	8
1635	1	8
1641	1	7
1647	1	6
1650	1	8
1661	1	9
1664	1	9
1665	1	10
1668	1	8
1669	1	10
1676	1	7
1677	1	10
1690	1	9
1696	1	8
1699	1	8
1701	1	8
1705	1	9
1707	1	7
1714	1	7
1720	1	9
1727	1	9
1737	1	7
1739	1	10
1746	1	8
1752	1	10
1756	1	10
1759	1	8
1762	1	8
1765	1	5
1770	1	9
1771	1	9
1773	1	8
1774	1	10
1780	1	10
21618	8	10
21629	8	11
7697	3	2
2978	2	3
2981	2	3
2986	2	2
3008	2	3
3015	2	3
3017	2	3
3018	2	3
3025	2	3
3026	2	3
3031	2	2
3034	2	4
3036	2	2
3038	2	2
3043	2	3
3053	2	2
3058	2	3
3060	2	2
3069	2	3
3076	2	3
3079	2	3
3080	2	3
3085	2	2
3086	2	2
3089	2	2
3093	2	2
3097	2	3
3098	2	2
3104	2	4
3111	2	3
3118	2	2
3136	2	3
3139	2	3
3145	2	3
3147	2	2
3155	2	2
3159	2	2
3164	2	2
3168	2	3
3172	2	3
3179	2	3
3180	2	4
3201	2	3
3205	2	2
3209	2	2
3219	2	4
3226	2	2
3233	2	2
3236	2	3
3242	2	3
3245	2	2
3246	2	2
3253	2	3
3259	2	2
3260	2	3
3261	2	3
3263	2	3
3270	2	3
3271	2	4
3275	2	3
3279	2	3
3280	2	2
3281	2	4
3282	2	3
3283	2	3
3287	2	3
3303	2	3
3308	2	3
3309	2	3
3313	2	2
3314	2	3
3319	2	2
3326	2	2
3329	2	2
3339	2	3
3344	2	3
3346	2	2
3350	2	2
3353	2	2
3360	2	2
3363	2	3
3364	2	3
3367	2	4
3378	2	2
3381	2	3
3384	2	3
3386	2	3
3396	2	3
3399	2	3
3402	2	3
3406	2	3
3410	2	2
3412	2	3
3413	2	2
3420	2	3
3424	2	3
3425	2	3
3440	2	3
3442	2	3
3456	2	3
3485	2	3
3488	2	3
3490	2	3
3503	2	2
3505	2	2
3506	2	2
3509	2	4
3513	2	3
3514	2	3
3515	2	3
3524	2	3
3525	2	3
3531	2	4
3534	2	3
3539	2	4
3549	2	3
3551	2	4
3571	2	3
3574	2	2
3577	2	3
3580	2	3
3586	2	2
3590	2	3
3591	2	3
3592	2	2
3597	2	2
3609	2	3
3610	2	3
3618	2	3
3625	2	3
3627	2	3
3628	2	4
3632	2	2
3637	2	3
3638	2	2
3639	2	2
3647	2	3
3650	2	3
3653	2	3
3657	2	3
3676	2	4
3680	2	2
3683	2	3
3703	2	3
3707	2	3
3720	2	3
3723	2	4
3726	2	2
3739	2	2
3741	2	2
3742	2	3
3750	2	3
3752	2	3
3757	2	3
3769	2	3
3780	2	3
3782	2	3
3786	2	3
3793	2	4
3794	2	3
3797	2	3
3801	2	2
3802	2	3
3803	2	2
3804	2	3
3805	2	2
3818	2	2
3830	2	3
3836	2	3
3841	2	2
3850	2	2
3852	2	3
3859	2	3
3865	2	3
3868	2	3
3873	2	4
3877	2	3
3878	2	2
3882	2	2
3899	2	3
3903	2	2
3904	2	3
3920	2	3
3928	2	2
3930	2	3
3935	2	3
3937	2	3
3939	2	3
3944	2	3
3957	2	2
3960	2	3
3961	2	4
3962	2	3
3963	2	3
3968	2	3
3971	2	2
3972	2	2
3974	2	4
3981	2	4
3984	2	3
3987	2	2
3990	2	3
3992	2	3
3995	2	2
4013	2	2
4014	2	3
4016	2	3
4019	2	3
4026	2	3
4029	2	3
4037	2	3
4038	2	4
4048	2	2
4051	2	3
4052	2	3
4058	2	3
4060	2	3
4061	2	3
4063	2	3
4070	2	3
4071	2	2
4078	2	3
4080	2	3
4083	2	3
4096	2	3
4097	2	3
4101	2	4
4106	2	2
4112	2	2
4119	2	3
4130	2	3
4140	2	2
4141	2	4
4150	2	2
4155	2	2
4161	2	3
4162	2	3
4179	2	2
4181	2	2
4183	2	4
4191	2	2
4193	2	2
4197	2	3
4203	2	3
4206	2	2
4222	2	4
4223	2	3
4230	2	3
4235	2	2
4240	2	2
4241	2	4
4243	2	2
4252	2	3
4254	2	4
4264	2	2
4276	2	2
4285	2	3
4291	2	2
4296	2	3
4300	2	3
4301	2	3
4309	2	2
4314	2	2
4326	2	3
4329	2	4
4330	2	3
4343	2	2
4359	2	3
4361	2	3
4364	2	2
4367	2	3
4370	2	3
4378	2	3
4384	2	3
4385	2	3
4387	2	2
4388	2	3
4396	2	3
4400	2	2
4402	2	3
4405	2	3
4408	2	2
4410	2	4
4413	2	3
4414	2	3
4416	2	3
4421	2	3
4422	2	3
4429	2	4
4434	2	3
4440	2	3
4448	2	4
4449	2	3
4450	2	2
4451	2	3
4452	2	3
4454	2	2
4458	2	4
4459	2	3
4461	2	3
4469	2	3
4479	2	3
4482	2	2
4490	2	2
4491	2	2
4508	2	3
4514	2	3
4527	2	3
4529	2	3
4530	2	3
4531	2	3
4533	2	3
4537	2	3
4543	2	3
4551	2	3
4553	2	3
4556	2	3
4566	2	3
4575	2	3
4591	2	3
4598	2	2
4605	2	3
4607	2	2
4612	2	3
4615	2	2
4617	2	3
4619	2	2
4620	2	3
4623	2	3
4624	2	4
4626	2	2
4627	2	2
4630	2	3
4631	2	2
4648	2	3
4653	2	2
4666	2	3
4671	2	3
4674	2	3
4679	2	3
4685	2	4
4690	2	3
4694	2	2
4696	2	3
4701	2	2
4702	2	2
4716	2	2
4720	2	4
4723	2	4
4724	2	2
4726	2	3
4728	2	3
4729	2	3
4737	2	2
4740	2	3
4744	2	2
4745	2	3
4751	2	4
4754	2	4
4760	2	3
5978	3	1
5981	3	1
5986	3	2
5997	3	2
6000	3	2
6008	3	2
6016	3	3
6018	3	1
6019	3	1
6026	3	2
6027	3	2
6028	3	2
6030	3	3
6032	3	2
6037	3	2
6039	3	2
6044	3	1
6054	3	1
6059	3	1
6060	3	1
6061	3	2
6070	3	1
6073	3	3
6077	3	2
6080	3	2
6081	3	1
6083	3	1
6086	3	2
6087	3	1
6090	3	1
6094	3	2
6098	3	2
6105	3	3
6119	3	2
6137	3	2
6140	3	2
6146	3	2
6148	3	1
6156	3	2
6160	3	2
6169	3	2
6173	3	1
6180	3	3
6181	3	2
6183	3	2
6187	3	1
6202	3	1
6210	3	2
6215	3	1
6220	3	3
6227	3	1
6234	3	1
6237	3	2
6238	3	1
6243	3	2
6246	3	2
6247	3	3
6249	3	3
6254	3	1
6262	3	3
6264	3	3
6267	3	2
6271	3	2
6276	3	3
6280	3	1
6281	3	3
6282	3	2
6283	3	1
6284	3	2
6288	3	2
6309	3	1
6315	3	1
6320	3	1
6327	3	2
6330	3	3
6340	3	2
6345	3	1
6347	3	1
6351	3	3
6354	3	1
6361	3	2
6365	3	1
6368	3	1
6375	3	1
6379	3	2
6382	3	1
6385	3	2
6393	3	1
6397	3	2
6403	3	2
6407	3	1
6411	3	2
6413	3	1
6414	3	2
6426	3	2
6457	3	2
6459	3	2
6486	3	1
6489	3	2
6500	3	1
6506	3	1
6508	3	2
6510	3	1
6513	3	1
6514	3	1
6525	3	1
6526	3	1
6532	3	2
6535	3	3
6537	3	1
6540	3	1
6550	3	2
6558	3	1
6563	3	2
6566	3	2
6568	3	1
6571	3	2
6576	3	2
6578	3	2
6582	3	1
6592	3	2
6593	3	2
6594	3	2
6602	3	1
6605	3	1
6608	3	1
6612	3	1
6614	3	1
6616	3	1
6620	3	1
6623	3	2
6624	3	1
6627	3	2
6629	3	1
6630	3	1
6633	3	3
6642	3	1
6643	3	1
6644	3	1
6658	3	2
6659	3	2
6663	3	1
6673	3	2
6678	3	2
6680	3	3
6681	3	2
6682	3	3
6688	3	1
6693	3	2
6698	3	1
6704	3	2
6709	3	1
6710	3	1
6716	3	2
6728	3	2
6730	3	1
6737	3	1
6746	3	1
6748	3	2
6752	3	2
6754	3	1
6766	3	1
6771	3	3
6773	3	1
6781	3	2
6782	3	1
6787	3	2
6793	3	1
6796	3	1
6801	3	1
6804	3	2
6808	3	2
6819	3	1
6821	3	1
6840	3	2
6848	3	1
6854	3	3
6872	3	2
6873	3	2
6874	3	1
6879	3	2
6896	3	2
6900	3	2
6904	3	2
6910	3	2
6936	3	2
6943	3	2
6950	3	2
6957	3	2
6958	3	2
6963	3	2
6966	3	1
6968	3	3
6971	3	2
6973	3	1
6974	3	3
6976	3	1
6985	3	1
6987	3	1
6989	3	2
6994	3	1
6998	3	2
7025	3	2
7034	3	2
7045	3	1
7047	3	2
7051	3	1
7052	3	1
7062	3	1
7063	3	2
7065	3	2
7068	3	1
7075	3	2
7079	3	2
7096	3	2
7099	3	2
7111	3	2
7116	3	2
7126	3	2
7127	3	2
7128	3	3
7130	3	2
7133	3	2
7146	3	2
7147	3	2
7152	3	2
7162	3	2
7176	3	2
7178	3	1
7184	3	3
7192	3	1
7199	3	1
7204	3	2
7205	3	2
7210	3	2
7219	3	2
7222	3	2
7223	3	1
7224	3	2
7228	3	2
7231	3	3
7241	3	2
7245	3	2
7247	3	2
7251	3	2
7272	3	2
7278	3	2
7286	3	1
7289	3	2
7291	3	2
7292	3	1
7295	3	2
7299	3	1
7300	3	2
7305	3	1
7310	3	1
7311	3	1
7312	3	1
7313	3	1
7316	3	2
7322	3	1
7324	3	1
7326	3	2
7329	3	1
7330	3	2
7334	3	2
7335	3	3
7339	3	2
7340	3	2
7355	3	2
7358	3	1
7359	3	1
7366	3	2
7367	3	1
7374	3	1
7379	3	1
7382	3	2
7384	3	2
7388	3	2
7392	3	2
7394	3	2
7395	3	1
7397	3	1
7398	3	1
7400	3	1
7403	3	2
7404	3	2
7410	3	2
7411	3	1
7412	3	1
7413	3	2
7420	3	2
7422	3	1
7426	3	1
7432	3	1
7438	3	2
7441	3	2
7442	3	2
7444	3	2
7448	3	1
7451	3	1
7453	3	2
7457	3	1
7459	3	1
7465	3	1
7467	3	3
7472	3	2
7479	3	1
7498	3	2
7505	3	2
7509	3	2
7528	3	2
7531	3	2
7537	3	2
7543	3	3
7546	3	2
7551	3	2
7554	3	3
7558	3	1
7559	3	1
7560	3	2
7576	3	2
7583	3	2
7586	3	1
7591	3	3
7592	3	1
7599	3	3
7600	3	2
7613	3	3
7621	3	2
7627	3	2
7629	3	1
7632	3	2
7648	3	1
7655	3	1
7658	3	2
7659	3	2
7662	3	2
7663	3	2
7664	3	2
7667	3	2
7669	3	1
7676	3	2
7683	3	1
7686	3	2
13629	5	3
8863	4	0
8866	4	1
8871	4	1
8893	4	1
8900	4	2
8902	4	3
8903	4	2
8910	4	1
8911	4	2
8916	4	2
8921	4	3
8923	4	3
8928	4	2
8938	4	1
8943	4	1
8945	4	2
8954	4	3
8961	4	2
8964	4	0
8965	4	2
8970	4	1
8971	4	2
8974	4	3
8978	4	1
8982	4	1
8983	4	3
8989	4	0
8996	4	3
9003	4	3
9021	4	2
9024	4	1
9030	4	1
9032	4	1
9040	4	2
9044	4	3
9049	4	2
9053	4	1
9057	4	1
9064	4	2
9065	4	1
9071	4	2
9086	4	1
9094	4	0
9104	4	2
9111	4	2
9118	4	2
9122	4	3
9128	4	2
9131	4	2
9132	4	2
9134	4	3
9139	4	1
9145	4	2
9146	4	2
9147	4	1
9149	4	3
9152	4	2
9156	4	1
9161	4	2
9165	4	2
9166	4	3
9167	4	3
9168	4	2
9169	4	1
9173	4	0
9194	4	1
9200	4	2
9205	4	2
9212	4	2
9215	4	2
9225	4	1
9230	4	2
9232	4	1
9236	4	2
9239	4	2
9246	4	1
9249	4	2
9250	4	1
9253	4	1
9260	4	2
9264	4	3
9267	4	2
9270	4	0
9272	4	0
9282	4	2
9285	4	2
9288	4	3
9292	4	2
9296	4	1
9298	4	2
9299	4	0
9306	4	2
9311	4	1
9317	4	2
9326	4	1
9328	4	1
9342	4	2
9344	4	2
9371	4	1
9374	4	2
9376	4	2
9391	4	2
9392	4	2
9393	4	1
9395	4	1
9398	4	2
9400	4	0
9401	4	3
9410	4	1
9411	4	0
9417	4	1
9422	4	3
9427	4	1
9436	4	3
9438	4	3
9440	4	2
9442	4	3
9444	4	2
9454	4	1
9457	4	2
9458	4	2
9461	4	2
9463	4	1
9484	4	1
9488	4	0
9493	4	3
9496	4	1
9499	4	0
9503	4	2
9505	4	2
9512	4	2
9514	4	2
9519	4	2
9520	4	2
9524	4	1
9525	4	3
9529	4	1
9536	4	2
9537	4	0
9539	4	2
9540	4	1
9543	4	1
9548	4	1
9562	4	3
9566	4	1
9568	4	0
9570	4	2
9572	4	1
9584	4	1
9590	4	2
9594	4	3
9602	4	1
9610	4	2
9613	4	3
9626	4	0
9633	4	1
9637	4	0
9639	4	1
9642	4	2
9644	4	3
9654	4	1
9655	4	0
9656	4	1
9664	4	1
9667	4	2
9669	4	3
9672	4	1
9679	4	1
9689	4	1
9691	4	1
9693	4	0
9700	4	3
9711	4	3
9712	4	1
9718	4	2
9724	4	2
9727	4	3
9736	4	2
9747	4	1
9756	4	0
9758	4	3
9760	4	3
9761	4	2
9778	4	0
9779	4	1
9782	4	2
9786	4	1
9787	4	1
9801	4	2
9807	4	1
9816	4	3
9823	4	1
9828	4	2
9832	4	3
9835	4	1
9843	4	2
9849	4	1
9850	4	1
9862	4	1
9869	4	1
9870	4	0
9877	4	1
9880	4	2
9895	4	1
9896	4	1
9907	4	2
9923	4	1
9932	4	3
9939	4	2
9940	4	2
9944	4	1
9947	4	2
9949	4	2
9951	4	2
9952	4	2
9959	4	1
9960	4	2
9966	4	1
9970	4	1
9971	4	1
9981	4	3
9983	4	3
9993	4	2
9997	4	1
9998	4	1
10015	4	1
10019	4	1
10029	4	1
10033	4	1
10036	4	1
10046	4	1
10049	4	1
10051	4	1
10055	4	1
10062	4	1
10065	4	2
10067	4	3
10070	4	0
10071	4	1
10074	4	1
10076	4	1
10081	4	3
10085	4	1
10090	4	3
10092	4	3
10103	4	1
10109	4	3
10112	4	1
10113	4	1
10125	4	2
10131	4	0
10136	4	2
10140	4	1
10146	4	1
10150	4	1
10152	4	2
10154	4	2
10158	4	2
10160	4	3
10165	4	1
10169	4	3
10170	4	1
10175	4	1
10182	4	1
10193	4	1
10199	4	1
10209	4	1
10212	4	1
10215	4	3
10221	4	2
10223	4	2
10233	4	1
10237	4	3
10239	4	2
10247	4	2
10251	4	3
10252	4	1
10254	4	1
10258	4	3
10263	4	2
10269	4	1
10277	4	2
10289	4	1
10290	4	1
10291	4	2
10303	4	1
10304	4	2
10305	4	3
10308	4	3
10312	4	0
10313	4	1
10315	4	2
10317	4	1
10319	4	3
10320	4	3
10321	4	2
10326	4	1
10328	4	1
10330	4	2
10332	4	2
10333	4	1
10337	4	2
10338	4	2
10348	4	1
10362	4	1
10376	4	1
10378	4	2
10383	4	2
10386	4	3
10399	4	2
10401	4	1
10404	4	3
10405	4	1
10410	4	1
10411	4	3
10424	4	3
10425	4	1
10432	4	1
10436	4	3
10440	4	1
10447	4	3
10449	4	3
10470	4	2
10475	4	3
10477	4	2
10484	4	2
10485	4	1
10488	4	1
10489	4	2
10491	4	2
10496	4	1
10499	4	0
10504	4	2
10514	4	1
10520	4	2
10523	4	2
10524	4	1
10544	4	1
10545	4	3
10552	4	0
10555	4	2
10561	4	0
10573	4	1
10581	4	1
10589	4	3
10592	4	3
10604	4	2
10606	4	1
10607	4	2
10617	4	1
10619	4	1
10620	4	2
10628	4	2
4774	2	3
11827	5	3
11830	5	2
11835	5	3
11857	5	3
11864	5	2
11866	5	4
11867	5	2
11874	5	2
11875	5	2
11880	5	1
11883	5	3
11885	5	2
11887	5	2
11892	5	2
11902	5	1
11907	5	2
11909	5	2
11918	5	2
11925	5	2
11928	5	3
11929	5	2
11934	5	2
11935	5	1
11938	5	3
11942	5	3
11946	5	2
11947	5	2
11953	5	1
11960	5	3
11967	5	1
11985	5	3
11988	5	2
11994	5	2
11996	5	3
12004	5	2
12008	5	2
12013	5	2
12017	5	2
12021	5	2
12028	5	3
12029	5	2
12050	5	1
12054	5	3
12058	5	3
12068	5	3
12075	5	2
12082	5	3
12085	5	3
12091	5	3
12094	5	1
12095	5	2
12102	5	3
12108	5	3
12109	5	2
12110	5	3
12112	5	3
12119	5	2
12120	5	3
12124	5	2
12128	5	3
12129	5	1
12130	5	1
12131	5	3
12132	5	3
12136	5	2
12152	5	2
12157	5	2
12158	5	2
12162	5	4
12163	5	1
12168	5	3
12175	5	2
12178	5	2
12188	5	3
12193	5	2
12195	5	1
12199	5	1
12202	5	1
12209	5	1
12212	5	4
12213	5	3
12216	5	3
12227	5	1
12230	5	2
12233	5	2
12235	5	2
12245	5	2
12248	5	3
12251	5	3
12255	5	3
12259	5	2
12262	5	2
12273	5	3
12280	5	3
12289	5	1
12305	5	3
12307	5	3
12313	5	3
12334	5	3
12337	5	2
12339	5	2
12352	5	3
12355	5	4
12358	5	1
12361	5	2
12363	5	2
12373	5	3
12382	5	2
12383	5	3
12398	5	2
12404	5	2
12420	5	3
12423	5	2
12425	5	3
12426	5	2
12429	5	3
12434	5	2
12439	5	3
12440	5	3
12446	5	3
12447	5	3
12449	5	2
12459	5	3
12461	5	1
12467	5	2
12470	5	3
12471	5	2
12476	5	2
12477	5	3
12480	5	1
12481	5	2
12482	5	3
12491	5	2
12498	5	4
12499	5	2
12501	5	3
12506	5	1
12510	5	2
12520	5	3
12525	5	3
12527	5	1
12529	5	3
12530	5	4
12535	5	3
12540	5	2
12545	5	2
12552	5	1
12560	5	2
12563	5	1
12577	5	1
12586	5	3
12591	5	3
12595	5	1
12596	5	2
12605	5	3
12606	5	1
12613	5	3
12616	5	2
12618	5	3
12628	5	2
12631	5	2
12635	5	2
12637	5	3
12639	5	2
12646	5	2
12647	5	2
12648	5	1
12650	5	3
12654	5	2
12655	5	3
12666	5	1
12673	5	3
12685	5	2
12687	5	1
12695	5	2
12708	5	2
12714	5	1
12718	5	1
12721	5	2
12726	5	0
12727	5	2
12731	5	1
12739	5	2
12748	5	2
12768	5	2
12769	5	2
12775	5	2
12777	5	2
12780	5	3
12782	5	2
12789	5	2
12795	5	1
12797	5	3
12809	5	1
12812	5	3
12813	5	3
12814	5	3
12820	5	1
12823	5	2
12824	5	2
12830	5	2
12833	5	2
12837	5	2
12847	5	2
12853	5	1
12855	5	2
12864	5	2
12865	5	2
12868	5	1
12878	5	2
12884	5	2
12895	5	2
12897	5	2
12900	5	2
12906	5	1
12931	5	2
12936	5	1
12942	5	1
12950	5	1
12954	5	3
12959	5	3
12965	5	3
12970	5	3
12992	5	4
13003	5	2
13005	5	1
13006	5	2
13008	5	2
13021	5	3
13022	5	3
13030	5	2
13031	5	1
13032	5	2
13036	5	3
13040	5	2
13042	5	1
13046	5	2
13047	5	4
13050	5	3
13052	5	3
13056	5	3
13061	5	1
13075	5	3
13077	5	1
13079	5	4
13083	5	3
13086	5	2
13093	5	4
13094	5	2
13096	5	1
13098	5	0
13117	5	1
13129	5	3
13131	5	2
13135	5	1
13141	5	3
13142	5	1
13144	5	3
13149	5	3
13155	5	3
13161	5	2
13174	5	1
13179	5	3
13194	5	3
13196	5	3
13198	5	2
13201	5	0
13222	5	2
13224	5	1
13225	5	2
13228	5	1
13229	5	1
13230	5	2
13234	5	2
13237	5	3
13243	5	3
13247	5	1
13250	5	3
13257	5	2
13264	5	3
13265	5	2
13267	5	2
13270	5	2
13276	5	3
13290	5	2
13291	5	2
13294	5	3
13301	5	2
13302	5	2
13303	5	1
13307	5	3
13308	5	2
13315	5	2
13316	5	1
13318	5	2
13323	5	2
13324	5	2
13330	5	4
13332	5	1
13334	5	4
13338	5	2
13344	5	3
13345	5	3
13346	5	3
13353	5	1
13362	5	2
13364	5	2
13368	5	1
13369	5	2
13370	5	1
13377	5	2
13381	5	1
13389	5	3
13400	5	2
13424	5	2
13437	5	3
13448	5	1
13451	5	1
13454	5	3
13459	5	2
13461	5	2
13462	5	3
13464	5	3
13466	5	2
13471	5	3
13473	5	1
13474	5	1
13478	5	1
13480	5	3
13490	5	4
13503	5	2
13507	5	2
13508	5	2
13511	5	3
13520	5	2
13532	5	3
13541	5	3
13542	5	2
13544	5	2
13547	5	3
13548	5	2
13550	5	2
13557	5	4
13570	5	3
13575	5	1
13577	5	1
13578	5	3
13580	5	2
13582	5	2
13592	5	2
13602	5	2
13605	5	2
13608	5	2
13610	5	2
13613	5	1
13614	5	3
13619	5	2
13620	5	3
13624	5	2
13628	5	1
19545	7	2
19546	7	1
14834	6	2
14837	6	3
14842	6	2
14864	6	2
14871	6	3
14873	6	2
14874	6	2
14881	6	3
14882	6	3
14887	6	2
14890	6	3
14892	6	3
14894	6	3
14899	6	2
14909	6	2
14914	6	3
14916	6	3
14925	6	3
14932	6	3
14935	6	2
14936	6	3
14941	6	3
14942	6	3
14945	6	1
14949	6	1
14953	6	3
14954	6	2
14960	6	3
14967	6	3
14974	6	2
14992	6	2
14995	6	4
15001	6	3
15003	6	2
15011	6	3
15015	6	3
15020	6	2
15024	6	3
15028	6	2
15035	6	3
15036	6	3
15057	6	1
15061	6	2
15065	6	2
15075	6	2
15082	6	3
15089	6	3
15092	6	3
15098	6	3
15101	6	3
15102	6	3
15109	6	2
15115	6	2
15116	6	2
15117	6	1
15119	6	2
15126	6	1
15127	6	3
15131	6	2
15135	6	3
15136	6	3
15137	6	3
15138	6	3
15139	6	3
15143	6	2
15159	6	3
15164	6	2
15165	6	2
15169	6	4
15170	6	2
15175	6	3
15182	6	3
15185	6	1
15195	6	1
15200	6	3
15202	6	2
15206	6	2
15209	6	3
15216	6	2
15219	6	2
15220	6	3
15223	6	3
15234	6	3
15237	6	2
15240	6	1
15242	6	3
15252	6	2
15255	6	1
15258	6	1
15262	6	2
15266	6	2
15268	6	0
15269	6	1
15276	6	3
15280	6	2
15281	6	3
15296	6	3
15298	6	3
15312	6	3
15341	6	3
15344	6	3
15346	6	2
15359	6	3
15361	6	3
15362	6	2
15365	6	3
15369	6	3
15370	6	3
15371	6	1
15380	6	3
15381	6	2
15387	6	3
15390	6	1
15395	6	2
15405	6	2
15407	6	3
15427	6	3
15430	6	3
15433	6	3
15436	6	4
15442	6	3
15446	6	3
15447	6	3
15448	6	3
15453	6	3
15465	6	4
15466	6	3
15474	6	3
15481	6	3
15483	6	2
15484	6	3
15488	6	2
15493	6	3
15494	6	3
15495	6	4
15503	6	3
15506	6	3
15509	6	3
15513	6	2
15532	6	1
15536	6	1
15539	6	2
15559	6	2
15563	6	2
15576	6	3
15579	6	2
15582	6	3
15595	6	3
15597	6	3
15598	6	3
15606	6	3
15608	6	2
15613	6	3
15625	6	2
15636	6	2
15638	6	1
15642	6	3
15649	6	0
15650	6	2
15653	6	3
15657	6	2
15658	6	3
15659	6	2
15660	6	3
15661	6	2
15674	6	3
15686	6	3
15692	6	3
15697	6	3
15706	6	3
15708	6	3
15715	6	3
15721	6	3
15724	6	3
15729	6	3
15733	6	1
15734	6	2
15738	6	2
15755	6	1
15759	6	2
15760	6	2
15776	6	3
15784	6	3
15786	6	3
15791	6	2
15793	6	1
15795	6	2
15800	6	3
15813	6	3
15816	6	3
15817	6	2
15818	6	2
15819	6	3
15824	6	4
15827	6	3
15828	6	3
15830	6	2
15837	6	3
15840	6	4
15843	6	3
15846	6	3
15848	6	3
15851	6	2
15869	6	2
15870	6	3
15872	6	1
15875	6	1
15882	6	3
15885	6	3
15893	6	3
15894	6	2
15904	6	2
15907	6	2
15908	6	3
15914	6	2
15916	6	3
15917	6	1
15919	6	2
15926	6	2
15927	6	3
15934	6	2
15936	6	3
15939	6	1
15952	6	3
15953	6	1
15957	6	3
15962	6	3
15968	6	2
15975	6	3
15986	6	2
15996	6	3
15997	6	2
16006	6	3
16011	6	2
16017	6	3
16018	6	2
16035	6	3
16037	6	2
16039	6	2
16047	6	3
16049	6	3
16053	6	3
16059	6	0
16062	6	3
16078	6	1
16079	6	2
16086	6	2
16091	6	3
16096	6	2
16097	6	3
16099	6	1
16108	6	3
16110	6	1
16120	6	2
16132	6	3
16141	6	3
16147	6	2
16152	6	3
16156	6	3
16157	6	3
16165	6	2
16170	6	1
16182	6	2
16185	6	3
16186	6	3
16199	6	3
16215	6	3
16217	6	3
16220	6	3
16223	6	2
16226	6	3
16234	6	2
16240	6	2
16241	6	3
16243	6	3
16244	6	1
16252	6	3
16256	6	1
16258	6	2
16261	6	3
16264	6	3
16266	6	3
16269	6	3
16270	6	2
16272	6	3
16277	6	3
16278	6	3
16285	6	2
16290	6	2
16296	6	3
16304	6	3
16305	6	3
16306	6	3
16307	6	3
16308	6	2
16310	6	1
16314	6	2
16315	6	1
16317	6	3
16325	6	1
16335	6	2
16338	6	2
16346	6	3
16347	6	0
16364	6	2
16370	6	2
16383	6	2
16385	6	4
16386	6	2
16387	6	3
16389	6	2
16393	6	3
16399	6	3
16407	6	3
16409	6	2
16412	6	3
16422	6	3
16431	6	1
16447	6	3
16454	6	3
16461	6	3
16463	6	3
16468	6	1
16471	6	3
16473	6	3
16475	6	3
16476	6	3
16479	6	2
16480	6	3
16482	6	3
16483	6	3
16486	6	2
16487	6	3
16504	6	2
16509	6	2
16522	6	3
16527	6	3
16530	6	3
16535	6	3
16541	6	2
16546	6	3
16550	6	3
16552	6	3
16557	6	3
16558	6	3
16572	6	0
16576	6	3
16579	6	3
16580	6	2
16582	6	3
16584	6	3
16585	6	2
16593	6	1
16596	6	2
16600	6	2
16601	6	2
16607	6	3
16610	6	3
10629	4	9
10630	4	18
17838	7	23
17843	7	23
17856	7	19
17859	7	22
17868	7	24
17875	7	18
17887	7	22
17888	7	21
17890	7	16
17892	7	21
17896	7	23
17900	7	19
17905	7	9
17916	7	14
17921	7	20
17931	7	21
17935	7	15
17938	7	23
17945	7	19
17946	7	17
17949	7	11
17952	7	22
17953	7	18
17957	7	14
17963	7	23
17967	7	23
17989	7	11
17991	7	23
18014	7	21
18015	7	18
18023	7	18
18026	7	15
18035	7	16
18039	7	12
18048	7	17
18052	7	19
18056	7	23
18060	7	16
18064	7	18
18068	7	23
18072	7	17
18084	7	22
18089	7	22
18090	7	19
18093	7	14
18098	7	20
18105	7	20
18114	7	19
18121	7	22
18126	7	7
18127	7	17
18132	7	20
18135	7	16
18136	7	9
18138	7	23
18144	7	17
18153	7	23
18156	7	18
18159	7	21
18161	7	17
18165	7	20
18172	7	23
18174	7	23
18175	7	23
18178	7	24
18183	7	21
18196	7	13
18201	7	23
18207	7	23
18208	7	17
18231	7	17
18248	7	13
18252	7	20
18255	7	21
18266	7	24
18281	7	24
18282	7	19
18283	7	23
18286	7	20
18290	7	13
18291	7	18
18296	7	8
18301	7	15
18304	7	19
18305	7	17
18307	7	17
18311	7	23
18318	7	16
18334	7	23
18335	7	22
18348	7	9
18350	7	16
18353	7	20
18369	7	22
18371	7	21
18383	7	11
18384	7	16
18389	7	22
18408	7	22
18417	7	21
18418	7	16
18427	7	15
18430	7	19
18441	7	9
18451	7	21
18466	7	18
18473	7	21
18481	7	11
18482	7	21
18484	7	17
18485	7	20
18488	7	15
18490	7	13
18492	7	12
18498	7	23
18501	7	16
18503	7	13
18506	7	11
18512	7	16
18513	7	13
18521	7	14
18522	7	17
18526	7	18
18528	7	23
18535	7	11
18537	7	12
18538	7	20
18540	7	14
18544	7	13
18547	7	14
18552	7	20
18554	7	23
18557	7	21
18561	7	18
18564	7	21
18567	7	24
18571	7	20
18577	7	19
18578	7	19
18579	7	19
18580	7	22
18588	7	23
18591	7	23
18599	7	23
18605	7	22
18620	7	18
18622	7	17
18641	7	19
18658	7	11
18659	7	20
18664	7	23
18682	7	23
18689	7	12
18693	7	15
18694	7	23
18695	7	21
18698	7	20
18713	7	20
18714	7	21
18719	7	9
18721	7	18
18731	7	10
18737	7	15
18750	7	7
18751	7	20
18756	7	23
18757	7	17
18758	7	11
18760	7	17
18765	7	23
18766	7	12
18777	7	18
18783	7	18
18785	7	10
18786	7	21
18789	7	21
18795	7	18
18813	7	19
18817	7	21
18819	7	19
18822	7	8
18823	7	12
18831	7	19
18837	7	18
18848	7	20
18857	7	23
18865	7	17
18874	7	17
18882	7	17
18884	7	17
18889	7	23
18892	7	18
18895	7	23
18906	7	15
18908	7	19
18910	7	22
18925	7	13
18928	7	19
18934	7	15
18937	7	10
18941	7	23
18944	7	13
18945	7	23
18950	7	23
18952	7	17
18955	7	20
18958	7	8
18960	7	23
18963	7	23
18973	7	18
18980	7	8
18983	7	24
18985	7	22
18990	7	21
18999	7	16
19001	7	17
19004	7	13
19005	7	11
19018	7	18
19031	7	24
19037	7	16
19044	7	19
19046	7	22
19070	7	9
19093	7	17
19097	7	15
19099	7	23
19102	7	18
19103	7	19
19104	7	19
19107	7	12
19108	7	16
19135	7	12
19147	7	14
19149	7	15
19153	7	14
19164	7	19
19168	7	14
19169	7	18
19174	7	23
19175	7	17
19181	7	16
19184	7	9
19187	7	16
19189	7	18
19191	7	16
19192	7	19
19193	7	18
19211	7	23
19213	7	15
19214	7	20
19223	7	22
19224	7	17
19231	7	14
19233	7	21
19234	7	20
19241	7	22
19247	7	13
19253	7	17
19254	7	19
19255	7	19
19256	7	20
19258	7	22
19259	7	21
19260	7	17
19265	7	21
19266	7	24
19267	7	24
19277	7	18
19286	7	20
19304	7	21
19306	7	16
19314	7	22
19326	7	17
19334	7	21
19341	7	16
19343	7	20
19353	7	8
19360	7	23
19362	7	13
19364	7	19
19366	7	21
19382	7	18
19387	7	14
19390	7	14
19392	7	19
19396	7	21
19402	7	16
19411	7	10
19415	7	13
19419	7	20
19420	7	14
19423	7	17
19446	7	23
19451	7	23
19455	7	13
19456	7	16
19457	7	20
19459	7	20
19466	7	15
19476	7	16
19489	7	14
19496	7	22
19503	7	18
19508	7	14
19513	7	19
19514	7	19
19520	7	18
19522	7	23
19524	7	24
19529	7	23
19537	7	12
16616	6	30
16630	6	24
20716	8	37
20725	8	43
20733	8	38
20736	8	43
20741	8	32
20746	8	35
20761	8	41
20762	8	37
20767	8	44
20768	8	50
20774	8	32
20777	8	41
20785	8	35
20787	8	34
20791	8	35
20792	8	33
20793	8	40
20797	8	31
20800	8	42
20803	8	35
20804	8	36
20809	8	39
20813	8	36
20819	8	30
20823	8	46
20824	8	42
20831	8	28
20842	8	42
20847	8	37
20851	8	37
20856	8	36
20863	8	39
20865	8	35
20869	8	39
20884	8	44
20887	8	31
20894	8	39
20904	8	35
20916	8	37
20918	8	28
20929	8	26
20939	8	31
20940	8	35
20947	8	40
20949	8	42
20966	8	34
20974	8	50
20983	8	41
20988	8	41
20999	8	34
21017	8	22
21020	8	26
21026	8	38
21034	8	29
21043	8	47
21053	8	37
21058	8	38
21073	8	40
21090	8	36
21098	8	46
21130	8	41
21133	8	44
21134	8	37
21138	8	36
21141	8	32
21145	8	37
21146	8	41
21147	8	36
21149	8	43
21161	8	39
21174	8	39
21177	8	27
21183	8	35
21190	8	43
21198	8	36
21206	8	34
21217	8	28
21224	8	37
21225	8	49
21230	8	43
21246	8	42
21256	8	33
21258	8	32
21271	8	31
21273	8	37
21279	8	34
21280	8	39
21289	8	37
21296	8	37
21310	8	35
21312	8	33
21319	8	39
21321	8	38
21352	8	35
21354	8	32
21361	8	41
21364	8	40
21369	8	29
21370	8	30
21379	8	43
21382	8	41
21386	8	40
21393	8	30
21399	8	33
21413	8	40
21427	8	38
21433	8	40
21438	8	41
21440	8	39
21442	8	35
21443	8	34
21444	8	28
21456	8	38
21457	8	39
21458	8	41
21467	8	37
21471	8	39
21472	8	38
21477	8	20
21479	8	37
21481	8	37
21494	8	36
21502	8	38
21506	8	40
21509	8	33
21514	8	32
21518	8	38
21519	8	39
21522	8	39
21526	8	38
21529	8	34
21532	8	38
21541	8	38
21542	8	39
21545	8	39
21553	8	29
21570	8	34
21581	8	35
21586	8	33
21599	8	39
21606	8	36
21613	8	40
21615	8	31
